Path,Name,DisplayValue,Type,Length,DisplayFormat,ValidityChkOpt,ValidityChkStr,ToolTip,Visibility
,,,struct,1,none,"none","","",on
,SFN,853,uint16,1,numeric,"Limits:[min,max]","[0,1023]","System Frame Number, Value: 0-1023",on
,Slot,1,uint16,1,numeric,"Limits:[min,max]","[0,319]","Value: 0-319",on
,nPDUs,3,uint8,1,numeric,"CallbackFunction","@ul_tti_callback","Number of PDUs that are included in this message. All PDUs in the message are numbered in order. Value 0-255",on
,RachPresent,0,uint8,1,numeric,"DropDownList","{0,1}","Indicates if a RACH PDU will be included in this message. 0: no RACH in this slot 1: RACH in this slot",on
,nULSCH,0,uint8,1,numeric,"Limits:[min,max]","[0,255]","Number of ULSCH PDUs that are included in this message. Value: 0 - 255",on
,nULCCH,3,uint8,1,numeric,"Limits:[min,max]","[0,255]","Number of ULCCH PDUs that are included in this message. Value: 0 - 255",on
,nGroup,0,uint8,1,numeric,"CallbackFunction","@ul_tti_callback","Number of UE Groups included in this message. Value 0-8",on
,PDU(1),,struct,1,none,"none","","",on
PDU(1),PDUType,2,uint16,1,numeric,"CallbackFunction","@ul_tti_callback","0: PRACH, 1: PUSCH,  2: PUCCH, 3: SRS",on
PDU(1),PDUSize,0,uint16,1,numeric,"Limits:[min,max]","[0, 65535]","Size of the PDU control information (in bytes). This length value includes the 4 bytes required for the PDU type and PDU size parameters. Value: 0 - 65535",on
PDU(1),PUCCH,,struct,1,none,"none","","",on
PDU(1).PUCCH,RNTI,10,uint16,1,numeric,"Limits:[min,max]","[1,65535]","The RNTI used for identifying the UE when receiving the PDU Value: 1 - 65535",on
PDU(1).PUCCH,Handle,0,uint32,1,numeric,"none","","An opaque handling returned in the UCI.indication message",on
PDU(1).PUCCH,BWP,,struct,1,none,"none","","",on
PDU(1).PUCCH.BWP,BWPsize,9,uint16,1,numeric,"Limits:[min,max]","[1,275]","Number of contiguous PRBs allocated to the BWP, Value: 1-275",on
PDU(1).PUCCH.BWP,BWPStart,3,uint16,1,numeric,"Limits:[min,max]","[0,274]","Bandwidth part start RB index from reference CRB, Value: 0-274",on
PDU(1).PUCCH.BWP,SubcarrierSpacing,1,uint8,1,numeric,"DropDownList","{0,1,2,3,4}","Value:0-4",on
PDU(1).PUCCH.BWP,CyclicPrefix,0,uint8,1,numeric,"DropDownList","{0,1}","Cyclic prefix type, 0: Normal; 1: Extended",on
PDU(1).PUCCH,FormatType,2,uint8,1,numeric,"DropDownList","{0,1,2,3,4}","PUCCH Format Type [38.211, sec 6.3.2.1]",on
PDU(1).PUCCH,multiSlotTxIndicator,0,uint8,1,numeric,"DropDownList","{0,1,2,3}","This field is to flush, keep or combine the buffer used for multiple-slot PUCCH transmissions [38.213, sec 9.2.6] Value: 0: No multi slot transmission 1: Multi slot transmission starts 2: Multi slot transmission continues 3: Multi slot transmission ends This filed being ‘0’ or ‘1’ indicates the previous pucch transmission for this UE (RNTI) is ended incase L2 doesn’t send ‘3’ for the previous ongoing multi-slot transmission.",on
PDU(1).PUCCH,pi2Bpsk,0,uint8,1,numeric,"DropDownList","{0,1}","When enabled, indicates that the UE uses pi/2 BPSK for UCI symbols instead of QPSK for PUCCH. [TS 38.213, sec 9.2.5] Value: 0: disabled, 1: enabled",on
PDU(1).PUCCH,prbStart,0,uint16,1,numeric,"Limits:[min,max]","[0,274]","The starting PRB within the BWP for this PUCCH, or first PRB prior to hopping [38.213, sec 9.2.1]. Valid for all formats Value: 0-274",on
PDU(1).PUCCH,prbSize,5,uint16,1,numeric,"Limits:[min,max]","[1,16]","The number of PRBs within this PUCCH. Valid for all formats. Value: 1 - 16",on
PDU(1).PUCCH,StartSymbolIndex,0,uint8,1,numeric,"Limits:[min,max]","[0,13]","Start symbol index of PUCCH from the start of the slot, S. [38.213, sec 9.2.2]. Valid for all formats Value: 0-13",on
PDU(1).PUCCH,NrOfSymbols,2,uint8,1,numeric,"Limits:[min,max]","[1,14]","PUCCH duration in symbols [38.213, sec 9.2.2] Values: 1-2: Valid for formats 0,2 4-14: Valid for formats 1,3,4",on
PDU(1).PUCCH,freqHopFlag,0,uint8,1,numeric,"DropDownList","{0,1}","Frequency hopping for a PUCCH resource [38.211, sec 6.3.2.2.1]. Valid for all formats Value:0: disabled 1: enabled",on
PDU(1).PUCCH,secondHopPRB,0,uint16,1,numeric,"Limits:[min,max]","[0,274]","Index of the first PRB after frequency hopping. Valid for all formats. Value:0-274",on
PDU(1).PUCCH,groupHopFlag,0,uint8,1,numeric,"DropDownList","{0,1}","Flag for group hopping. [38.211, sec 6.3.2.2.1]. Valid for formats 0, 1, 3 and 4. Value: 0: disabled 1: enabled",on
PDU(1).PUCCH,sequenceHopFlag,0,uint8,1,numeric,"DropDownList","{0,1}","Flag for sequence hopping. [38.211, sec 6.3.2.2.1] Valid for formats 0, 1, 3 and 4. Value: 0: disabled 1: enabled",on
PDU(1).PUCCH,hoppingId,0,uint16,1,numeric,"Limits:[min,max]","[0,1023]","Cell-Specific scrambling ID for group hopping and sequence hopping. [38.211, sec 6.3.2.2.1] Valid for formats 0, 1, 3 and 4. Value: 0-1023",on
PDU(1).PUCCH,InitialCyclicShift,0,uint16,1,numeric,"Limits:[min,max]","[0,11]","Initial cyclic shift (M0) used as part of frequency hopping. [38.213, sec 9.2.1 and 38.211, sec 6.3.2.2.2]. Valid for formats 0, 1, 3 and 4 Value: 0-11",on
PDU(1).PUCCH,dataScramblingId,0,uint16,1,numeric,"Limits:[min,max]","[0,1023]","dataScramblingIdentityPdsch [38.211, sec 6.3.2.5.1] It equals the higher-layer parameter Data-scrambling- Identity if configured and the RNTI equals the C-RNTI, otherwise L2 needs to set it to physical cell id. Valid for format 2, 3 and 4. Value: 0-1023",on
PDU(1).PUCCH,TimeDomainOccIdx,0,uint8,1,numeric,"Limits:[min,max]","[0,6]","An index of an orthogonal cover code [38.211, sec 6.3.2.4.1]. Valid for format 1. Value: 0-6",on
PDU(1).PUCCH,PreDftOccIdx,0,uint8,1,numeric,"DropDownList","{0,1,2,3}","An index of an orthogonal cover code. [38.211, sec 6.3.2.6.3]. Valid for format 4. Value: 0-3",on
PDU(1).PUCCH,PreDftOccLen,2,uint8,1,numeric,"DropDownList","{2,4}","A length of an orthogonal cover code. [38.211, sec 6.3.2.6.3]. Valid for format 4. Value: 2 or 4",on
PDU(1).PUCCH,AddDmrsFlag,0,uint8,1,numeric,"DropDownList","{0,1}","Flag for additional DMRS. [38.213, sec 9.2.2]. Valid for formats 3 and 4. Value: 0 = disabled 1 = enabled",on
PDU(1).PUCCH,DmrsScramblingId,7,uint16,1,numeric,"Limits:[min,max]","[0,65535]","Scrambling-ID-0 [38.211, sec 6.4.1.1.1 ] If provided otherwise, L2 should set this to physical cell id. Valid for formats 2, Value: 0-65535",on
PDU(1).PUCCH,DMRScyclicshift,0,uint8,1,numeric,"Limits:[min,max]","[0,9]","Cyclic shift index for DMRS, M0 [38.211, sec 6.4.1.3.3.1] Valid for formats 4. Value: 0 -9",on
PDU(1).PUCCH,SRFlag,0,uint8,1,numeric,"DropDownList","{0,1}","Indicates whether there is an SR opportunity in the UCI. Valid for format 0 and 1 Value: 0 = no SR 1 = SR opportunity",on
PDU(1).PUCCH,BitLenHarq,0,uint8,1,numeric,"Limits:[min,max]","[0,1706]","Bit length of HARQ payload Valid for all formats. Value: 0 = no HARQ bits 1-2 = Valid for Formats 0 and 1 2 - 1706 = Valid for Formats 2, 3 and 4",on
PDU(1).PUCCH,BitLenCsiPart1,0,uint16,1,numeric,"Limits:[min,max]","[0,1706]","Bit length of CSI part 1 payload. Valid for formats 2, 3 and 4. Value: 0 = no CSI bits 1 - 1706",on
PDU(1).PUCCH,BitLenCsiPart2,0,uint16,1,numeric,"Limits:[min,max]","[0,1706]","Bit length of CSI part 2 payload. Valid for formats 2, 3 and 4. Value: 0 = no CSI bits 1 - 1706",on
PDU(1).PUCCH,RX_BEAMFORMING,,struct,1,none,"none","","",on
PDU(1).PUCCH.RX_BEAMFORMING,numPRGs,1,uint16,1,numeric,"CallbackFunction","@ul_tti_callback","Number of PRGs spanning this allocation. Value : 1-275",on
PDU(1).PUCCH.RX_BEAMFORMING,prgSize,1,uint16,1,numeric,"Limits:[min,max]","[1,275]","Size in RBs of a precoding resource block group (PRG) – to which same precoding and digital beamforming gets applied. Value: 1-275",on
PDU(1).PUCCH.RX_BEAMFORMING,digBFInterfaces,0,uint8,1,numeric,"CallbackFunction","@ul_tti_callback","Number of STD ant ports (parallel streams) feeding into the digBF Value: 0-255",on
PDU(1).PUCCH.RX_BEAMFORMING,PRG(1),,struct,1,none,"none","","",on
PDU(1).PUCCH.RX_BEAMFORMING.PRG(1),DIG_BF_INTERFACE,,struct,1,none,"none","","",on
,PDU(2),,struct,1,none,"none","","",on
PDU(2),PDUType,2,uint16,1,numeric,"CallbackFunction","@ul_tti_callback","0: PRACH, 1: PUSCH,  2: PUCCH, 3: SRS",on
PDU(2),PDUSize,0,uint16,1,numeric,"Limits:[min,max]","[0, 65535]","Size of the PDU control information (in bytes). This length value includes the 4 bytes required for the PDU type and PDU size parameters. Value: 0 - 65535",on
PDU(2),PUCCH,,struct,1,none,"none","","",on
PDU(2).PUCCH,RNTI,11,uint16,1,numeric,"Limits:[min,max]","[1,65535]","The RNTI used for identifying the UE when receiving the PDU Value: 1 - 65535",on
PDU(2).PUCCH,Handle,0,uint32,1,numeric,"none","","An opaque handling returned in the UCI.indication message",on
PDU(2).PUCCH,BWP,,struct,1,none,"none","","",on
PDU(2).PUCCH.BWP,BWPsize,10,uint16,1,numeric,"Limits:[min,max]","[1,275]","Number of contiguous PRBs allocated to the BWP, Value: 1-275",on
PDU(2).PUCCH.BWP,BWPStart,14,uint16,1,numeric,"Limits:[min,max]","[0,274]","Bandwidth part start RB index from reference CRB, Value: 0-274",on
PDU(2).PUCCH.BWP,SubcarrierSpacing,1,uint8,1,numeric,"DropDownList","{0,1,2,3,4}","Value:0-4",on
PDU(2).PUCCH.BWP,CyclicPrefix,0,uint8,1,numeric,"DropDownList","{0,1}","Cyclic prefix type, 0: Normal; 1: Extended",on
PDU(2).PUCCH,FormatType,2,uint8,1,numeric,"DropDownList","{0,1,2,3,4}","PUCCH Format Type [38.211, sec 6.3.2.1]",on
PDU(2).PUCCH,multiSlotTxIndicator,0,uint8,1,numeric,"DropDownList","{0,1,2,3}","This field is to flush, keep or combine the buffer used for multiple-slot PUCCH transmissions [38.213, sec 9.2.6] Value: 0: No multi slot transmission 1: Multi slot transmission starts 2: Multi slot transmission continues 3: Multi slot transmission ends This filed being ‘0’ or ‘1’ indicates the previous pucch transmission for this UE (RNTI) is ended incase L2 doesn’t send ‘3’ for the previous ongoing multi-slot transmission.",on
PDU(2).PUCCH,pi2Bpsk,0,uint8,1,numeric,"DropDownList","{0,1}","When enabled, indicates that the UE uses pi/2 BPSK for UCI symbols instead of QPSK for PUCCH. [TS 38.213, sec 9.2.5] Value: 0: disabled, 1: enabled",on
PDU(2).PUCCH,prbStart,0,uint16,1,numeric,"Limits:[min,max]","[0,274]","The starting PRB within the BWP for this PUCCH, or first PRB prior to hopping [38.213, sec 9.2.1]. Valid for all formats Value: 0-274",on
PDU(2).PUCCH,prbSize,6,uint16,1,numeric,"Limits:[min,max]","[1,16]","The number of PRBs within this PUCCH. Valid for all formats. Value: 1 - 16",on
PDU(2).PUCCH,StartSymbolIndex,0,uint8,1,numeric,"Limits:[min,max]","[0,13]","Start symbol index of PUCCH from the start of the slot, S. [38.213, sec 9.2.2]. Valid for all formats Value: 0-13",on
PDU(2).PUCCH,NrOfSymbols,2,uint8,1,numeric,"Limits:[min,max]","[1,14]","PUCCH duration in symbols [38.213, sec 9.2.2] Values: 1-2: Valid for formats 0,2 4-14: Valid for formats 1,3,4",on
PDU(2).PUCCH,freqHopFlag,0,uint8,1,numeric,"DropDownList","{0,1}","Frequency hopping for a PUCCH resource [38.211, sec 6.3.2.2.1]. Valid for all formats Value:0: disabled 1: enabled",on
PDU(2).PUCCH,secondHopPRB,0,uint16,1,numeric,"Limits:[min,max]","[0,274]","Index of the first PRB after frequency hopping. Valid for all formats. Value:0-274",on
PDU(2).PUCCH,groupHopFlag,0,uint8,1,numeric,"DropDownList","{0,1}","Flag for group hopping. [38.211, sec 6.3.2.2.1]. Valid for formats 0, 1, 3 and 4. Value: 0: disabled 1: enabled",on
PDU(2).PUCCH,sequenceHopFlag,0,uint8,1,numeric,"DropDownList","{0,1}","Flag for sequence hopping. [38.211, sec 6.3.2.2.1] Valid for formats 0, 1, 3 and 4. Value: 0: disabled 1: enabled",on
PDU(2).PUCCH,hoppingId,0,uint16,1,numeric,"Limits:[min,max]","[0,1023]","Cell-Specific scrambling ID for group hopping and sequence hopping. [38.211, sec 6.3.2.2.1] Valid for formats 0, 1, 3 and 4. Value: 0-1023",on
PDU(2).PUCCH,InitialCyclicShift,0,uint16,1,numeric,"Limits:[min,max]","[0,11]","Initial cyclic shift (M0) used as part of frequency hopping. [38.213, sec 9.2.1 and 38.211, sec 6.3.2.2.2]. Valid for formats 0, 1, 3 and 4 Value: 0-11",on
PDU(2).PUCCH,dataScramblingId,0,uint16,1,numeric,"Limits:[min,max]","[0,1023]","dataScramblingIdentityPdsch [38.211, sec 6.3.2.5.1] It equals the higher-layer parameter Data-scrambling- Identity if configured and the RNTI equals the C-RNTI, otherwise L2 needs to set it to physical cell id. Valid for format 2, 3 and 4. Value: 0-1023",on
PDU(2).PUCCH,TimeDomainOccIdx,0,uint8,1,numeric,"Limits:[min,max]","[0,6]","An index of an orthogonal cover code [38.211, sec 6.3.2.4.1]. Valid for format 1. Value: 0-6",on
PDU(2).PUCCH,PreDftOccIdx,0,uint8,1,numeric,"DropDownList","{0,1,2,3}","An index of an orthogonal cover code. [38.211, sec 6.3.2.6.3]. Valid for format 4. Value: 0-3",on
PDU(2).PUCCH,PreDftOccLen,2,uint8,1,numeric,"DropDownList","{2,4}","A length of an orthogonal cover code. [38.211, sec 6.3.2.6.3]. Valid for format 4. Value: 2 or 4",on
PDU(2).PUCCH,AddDmrsFlag,0,uint8,1,numeric,"DropDownList","{0,1}","Flag for additional DMRS. [38.213, sec 9.2.2]. Valid for formats 3 and 4. Value: 0 = disabled 1 = enabled",on
PDU(2).PUCCH,DmrsScramblingId,10,uint16,1,numeric,"Limits:[min,max]","[0,65535]","Scrambling-ID-0 [38.211, sec 6.4.1.1.1 ] If provided otherwise, L2 should set this to physical cell id. Valid for formats 2, Value: 0-65535",on
PDU(2).PUCCH,DMRScyclicshift,0,uint8,1,numeric,"Limits:[min,max]","[0,9]","Cyclic shift index for DMRS, M0 [38.211, sec 6.4.1.3.3.1] Valid for formats 4. Value: 0 -9",on
PDU(2).PUCCH,SRFlag,0,uint8,1,numeric,"DropDownList","{0,1}","Indicates whether there is an SR opportunity in the UCI. Valid for format 0 and 1 Value: 0 = no SR 1 = SR opportunity",on
PDU(2).PUCCH,BitLenHarq,0,uint8,1,numeric,"Limits:[min,max]","[0,1706]","Bit length of HARQ payload Valid for all formats. Value: 0 = no HARQ bits 1-2 = Valid for Formats 0 and 1 2 - 1706 = Valid for Formats 2, 3 and 4",on
PDU(2).PUCCH,BitLenCsiPart1,0,uint16,1,numeric,"Limits:[min,max]","[0,1706]","Bit length of CSI part 1 payload. Valid for formats 2, 3 and 4. Value: 0 = no CSI bits 1 - 1706",on
PDU(2).PUCCH,BitLenCsiPart2,0,uint16,1,numeric,"Limits:[min,max]","[0,1706]","Bit length of CSI part 2 payload. Valid for formats 2, 3 and 4. Value: 0 = no CSI bits 1 - 1706",on
PDU(2).PUCCH,RX_BEAMFORMING,,struct,1,none,"none","","",on
PDU(2).PUCCH.RX_BEAMFORMING,numPRGs,1,uint16,1,numeric,"CallbackFunction","@ul_tti_callback","Number of PRGs spanning this allocation. Value : 1-275",on
PDU(2).PUCCH.RX_BEAMFORMING,prgSize,1,uint16,1,numeric,"Limits:[min,max]","[1,275]","Size in RBs of a precoding resource block group (PRG) – to which same precoding and digital beamforming gets applied. Value: 1-275",on
PDU(2).PUCCH.RX_BEAMFORMING,digBFInterfaces,0,uint8,1,numeric,"CallbackFunction","@ul_tti_callback","Number of STD ant ports (parallel streams) feeding into the digBF Value: 0-255",on
PDU(2).PUCCH.RX_BEAMFORMING,PRG(1),,struct,1,none,"none","","",on
PDU(2).PUCCH.RX_BEAMFORMING.PRG(1),DIG_BF_INTERFACE,,struct,1,none,"none","","",on
,PDU(3),,struct,1,none,"none","","",on
PDU(3),PDUType,2,uint16,1,numeric,"CallbackFunction","@ul_tti_callback","0: PRACH, 1: PUSCH,  2: PUCCH, 3: SRS",on
PDU(3),PDUSize,0,uint16,1,numeric,"Limits:[min,max]","[0, 65535]","Size of the PDU control information (in bytes). This length value includes the 4 bytes required for the PDU type and PDU size parameters. Value: 0 - 65535",on
PDU(3),PUCCH,,struct,1,none,"none","","",on
PDU(3).PUCCH,RNTI,15,uint16,1,numeric,"Limits:[min,max]","[1,65535]","The RNTI used for identifying the UE when receiving the PDU Value: 1 - 65535",on
PDU(3).PUCCH,Handle,0,uint32,1,numeric,"none","","An opaque handling returned in the UCI.indication message",on
PDU(3).PUCCH,BWP,,struct,1,none,"none","","",on
PDU(3).PUCCH.BWP,BWPsize,32,uint16,1,numeric,"Limits:[min,max]","[1,275]","Number of contiguous PRBs allocated to the BWP, Value: 1-275",on
PDU(3).PUCCH.BWP,BWPStart,31,uint16,1,numeric,"Limits:[min,max]","[0,274]","Bandwidth part start RB index from reference CRB, Value: 0-274",on
PDU(3).PUCCH.BWP,SubcarrierSpacing,1,uint8,1,numeric,"DropDownList","{0,1,2,3,4}","Value:0-4",on
PDU(3).PUCCH.BWP,CyclicPrefix,0,uint8,1,numeric,"DropDownList","{0,1}","Cyclic prefix type, 0: Normal; 1: Extended",on
PDU(3).PUCCH,FormatType,2,uint8,1,numeric,"DropDownList","{0,1,2,3,4}","PUCCH Format Type [38.211, sec 6.3.2.1]",on
PDU(3).PUCCH,multiSlotTxIndicator,0,uint8,1,numeric,"DropDownList","{0,1,2,3}","This field is to flush, keep or combine the buffer used for multiple-slot PUCCH transmissions [38.213, sec 9.2.6] Value: 0: No multi slot transmission 1: Multi slot transmission starts 2: Multi slot transmission continues 3: Multi slot transmission ends This filed being ‘0’ or ‘1’ indicates the previous pucch transmission for this UE (RNTI) is ended incase L2 doesn’t send ‘3’ for the previous ongoing multi-slot transmission.",on
PDU(3).PUCCH,pi2Bpsk,0,uint8,1,numeric,"DropDownList","{0,1}","When enabled, indicates that the UE uses pi/2 BPSK for UCI symbols instead of QPSK for PUCCH. [TS 38.213, sec 9.2.5] Value: 0: disabled, 1: enabled",on
PDU(3).PUCCH,prbStart,0,uint16,1,numeric,"Limits:[min,max]","[0,274]","The starting PRB within the BWP for this PUCCH, or first PRB prior to hopping [38.213, sec 9.2.1]. Valid for all formats Value: 0-274",on
PDU(3).PUCCH,prbSize,3,uint16,1,numeric,"Limits:[min,max]","[1,16]","The number of PRBs within this PUCCH. Valid for all formats. Value: 1 - 16",on
PDU(3).PUCCH,StartSymbolIndex,0,uint8,1,numeric,"Limits:[min,max]","[0,13]","Start symbol index of PUCCH from the start of the slot, S. [38.213, sec 9.2.2]. Valid for all formats Value: 0-13",on
PDU(3).PUCCH,NrOfSymbols,1,uint8,1,numeric,"Limits:[min,max]","[1,14]","PUCCH duration in symbols [38.213, sec 9.2.2] Values: 1-2: Valid for formats 0,2 4-14: Valid for formats 1,3,4",on
PDU(3).PUCCH,freqHopFlag,0,uint8,1,numeric,"DropDownList","{0,1}","Frequency hopping for a PUCCH resource [38.211, sec 6.3.2.2.1]. Valid for all formats Value:0: disabled 1: enabled",on
PDU(3).PUCCH,secondHopPRB,0,uint16,1,numeric,"Limits:[min,max]","[0,274]","Index of the first PRB after frequency hopping. Valid for all formats. Value:0-274",on
PDU(3).PUCCH,groupHopFlag,0,uint8,1,numeric,"DropDownList","{0,1}","Flag for group hopping. [38.211, sec 6.3.2.2.1]. Valid for formats 0, 1, 3 and 4. Value: 0: disabled 1: enabled",on
PDU(3).PUCCH,sequenceHopFlag,0,uint8,1,numeric,"DropDownList","{0,1}","Flag for sequence hopping. [38.211, sec 6.3.2.2.1] Valid for formats 0, 1, 3 and 4. Value: 0: disabled 1: enabled",on
PDU(3).PUCCH,hoppingId,0,uint16,1,numeric,"Limits:[min,max]","[0,1023]","Cell-Specific scrambling ID for group hopping and sequence hopping. [38.211, sec 6.3.2.2.1] Valid for formats 0, 1, 3 and 4. Value: 0-1023",on
PDU(3).PUCCH,InitialCyclicShift,0,uint16,1,numeric,"Limits:[min,max]","[0,11]","Initial cyclic shift (M0) used as part of frequency hopping. [38.213, sec 9.2.1 and 38.211, sec 6.3.2.2.2]. Valid for formats 0, 1, 3 and 4 Value: 0-11",on
PDU(3).PUCCH,dataScramblingId,0,uint16,1,numeric,"Limits:[min,max]","[0,1023]","dataScramblingIdentityPdsch [38.211, sec 6.3.2.5.1] It equals the higher-layer parameter Data-scrambling- Identity if configured and the RNTI equals the C-RNTI, otherwise L2 needs to set it to physical cell id. Valid for format 2, 3 and 4. Value: 0-1023",on
PDU(3).PUCCH,TimeDomainOccIdx,0,uint8,1,numeric,"Limits:[min,max]","[0,6]","An index of an orthogonal cover code [38.211, sec 6.3.2.4.1]. Valid for format 1. Value: 0-6",on
PDU(3).PUCCH,PreDftOccIdx,0,uint8,1,numeric,"DropDownList","{0,1,2,3}","An index of an orthogonal cover code. [38.211, sec 6.3.2.6.3]. Valid for format 4. Value: 0-3",on
PDU(3).PUCCH,PreDftOccLen,2,uint8,1,numeric,"DropDownList","{2,4}","A length of an orthogonal cover code. [38.211, sec 6.3.2.6.3]. Valid for format 4. Value: 2 or 4",on
PDU(3).PUCCH,AddDmrsFlag,0,uint8,1,numeric,"DropDownList","{0,1}","Flag for additional DMRS. [38.213, sec 9.2.2]. Valid for formats 3 and 4. Value: 0 = disabled 1 = enabled",on
PDU(3).PUCCH,DmrsScramblingId,1,uint16,1,numeric,"Limits:[min,max]","[0,65535]","Scrambling-ID-0 [38.211, sec 6.4.1.1.1 ] If provided otherwise, L2 should set this to physical cell id. Valid for formats 2, Value: 0-65535",on
PDU(3).PUCCH,DMRScyclicshift,0,uint8,1,numeric,"Limits:[min,max]","[0,9]","Cyclic shift index for DMRS, M0 [38.211, sec 6.4.1.3.3.1] Valid for formats 4. Value: 0 -9",on
PDU(3).PUCCH,SRFlag,0,uint8,1,numeric,"DropDownList","{0,1}","Indicates whether there is an SR opportunity in the UCI. Valid for format 0 and 1 Value: 0 = no SR 1 = SR opportunity",on
PDU(3).PUCCH,BitLenHarq,0,uint8,1,numeric,"Limits:[min,max]","[0,1706]","Bit length of HARQ payload Valid for all formats. Value: 0 = no HARQ bits 1-2 = Valid for Formats 0 and 1 2 - 1706 = Valid for Formats 2, 3 and 4",on
PDU(3).PUCCH,BitLenCsiPart1,0,uint16,1,numeric,"Limits:[min,max]","[0,1706]","Bit length of CSI part 1 payload. Valid for formats 2, 3 and 4. Value: 0 = no CSI bits 1 - 1706",on
PDU(3).PUCCH,BitLenCsiPart2,0,uint16,1,numeric,"Limits:[min,max]","[0,1706]","Bit length of CSI part 2 payload. Valid for formats 2, 3 and 4. Value: 0 = no CSI bits 1 - 1706",on
PDU(3).PUCCH,RX_BEAMFORMING,,struct,1,none,"none","","",on
PDU(3).PUCCH.RX_BEAMFORMING,numPRGs,1,uint16,1,numeric,"CallbackFunction","@ul_tti_callback","Number of PRGs spanning this allocation. Value : 1-275",on
PDU(3).PUCCH.RX_BEAMFORMING,prgSize,1,uint16,1,numeric,"Limits:[min,max]","[1,275]","Size in RBs of a precoding resource block group (PRG) – to which same precoding and digital beamforming gets applied. Value: 1-275",on
PDU(3).PUCCH.RX_BEAMFORMING,digBFInterfaces,0,uint8,1,numeric,"CallbackFunction","@ul_tti_callback","Number of STD ant ports (parallel streams) feeding into the digBF Value: 0-255",on
PDU(3).PUCCH.RX_BEAMFORMING,PRG(1),,struct,1,none,"none","","",on
PDU(3).PUCCH.RX_BEAMFORMING.PRG(1),DIG_BF_INTERFACE,,struct,1,none,"none","","",on
,UE_GROUP,,struct,1,none,"none","","",on
