0x8a820a75acd1eacc,0xd9c2109a16852559,
0x391492877a64cea2,0x2342e392de56dfea,
0x3ac77074f669476b,0x4e6acc36b1ef6bb,
0x41fdc30c69da2c1a,0x924c6edf4e37e08c,
0x4f21a35dcc6d2ecd,0x465d687b9e4727c9,
0x4615187836de1817,0xe9404ed583a31dc9,
0x7dfb48b7cf8963f3,0x26a54be716b42ba6,
0x329e200e7a2bbc71,0xb171766f786dea00,
0x86a83e2172feb0a8,0xe0c3e97bb91b0e37,
0x1899b3ead4f0dcfc,0xffe54252bf7ce6a8,
0xfcf7dd7ce4fe81a9,0x4de50af81d6ea533,
0xa363456f309d151d,0xaaee5502d1d4737f,
0x368a9f5ccdd46b9e,0xfdbb6eee9205f9c4,
0xe3e0ba0b2698e885,0x9d25ac125b3bc32e,
0xff80ddbca2bf1455,0x4495ff6f4cde30a5,
0x7b4d36f19d2c85fe,0x15cb80232335cac4,
0xfa68145f5072f7de,0xc1df7ec0579eb149,
0x72ab438f4a41b9a4,0xcb9e6b8b9c470535,
0x9c309125c198f2e5,0xfc8bac6cf93cc245,
0xac05b07466b73db3,0x2894ef499a40f5cc,
0xf9acda21a6a65346,0xae2099939f9da9ae,
0x17d4cb6c82f8620,0xa851dfb57cf5f0b8,
0xc69aa274764f2dd1,0xd468126ab2e3fd7c,
0x7cb0ea37f9e6a5e1,0x60a6487c6246a1c8,
0xcd1214edfe76c6bd,0x3934ba04edcecc78,
0x1c8737afb0a6044b,0xa9a5942f5c214c71,
0x180227d1ea5569f,0xcc865fb9097b3125,
0x8785ebf00408866a,0x3104c5ae065c86ac,
0x7d35411c91afd452,0x5d09dce83a58e66b,
0x7dd7a81ecdbb085,0x3deb852d0bbe98bb,
0x7470f053f20ea154,0xadac9d22402d9e57,
0x7c7932cac045bebd,0x5c86dd9dfa14fd9a,
0xd062c3a8074cf342,0x9d5df30988aedbe3,
0x7241e7dc6d4e7c54,0xb962bae1ed7dce0d,
0xda74cfe3d3c306f4,0xbb529a03a931ba18,
0xcbbd869d761d894e,0x76dfa9c97b5d59b1,
0xebb88324149eaed,0xdc54213332a7c39e,
0xb11a849690dbe246,0xf0c7f88d98dce252,
0xc472c97d1353a130,0x3ea3e5d2f2c501ca,
0xcdb82754be74e1dd,0x1359de371a782372,
0xb56ce6cde196a31c,0x3d26c728a3a10b58,
0xeff927c0d9fa4c2a,0x8115d04522394b80,
0xb77182d0807149d4,0xfc82c1c7dfb28172,
0x627ec8444a29fd80,0x1442f54681a7dd78,
0xe3131b74fdbc69c2,0xfdc0e6d99101bc98,
0x28e4715a9e24501b,0x2bc347785e2feca7,
0x4bf50e46fbfac6d9,0x62647cea3abae42a,
0x96f91d3e811f0cc5,0xe62bc2a1a7a8f13a,
0x5e1f35827e7e4448,0x473d4ca7e65dd69e,
0xf88e2d85b602eaa2,0xfd32e70b22e164cf,
0x64e226c49d1e07ca,0xb2784d4622f8f427,
0x548c4ef3aed4f81d,0xb4cedee8ff26e4f8,
0xa1955b09f6b74281,0x31506a19128e3320,
0x9f2a075be9ee1836,0xa0754b575f0d6cec,
0xb1d3fa8d4461dd1a,0x54f6ef55d83b137,
0x54d5944b870fbe89,0x560c89498e278938,
0x44fa9ee38a7658e6,0x596f7022d31cd40b,
0xd8a4a7c878282b0a,0xf70dcbf1551c323f,
0xa1cb64e8fd941817,0xa8017e036a466e25,
0x5bab4363112de7ea,0x8548b896ebb22a07,
0x9a43509201acbd44,0x2d709afb273117d5,
0xc1,0x0,
0x0,0x0,
0x0,0x0,
0x0,0x0,
0x0,0x0,
0x5458fa4d2d4e51a1,0xb270f88d9f216d84,
0xa80812bbe961a9aa,0xfcb124dcd9e01131,
0xe75b48ae743a28cb,0xbc01dcad9a20db7f,
0xa6298096e0662fdb,0x7d498f7a0ecff4d5,
0x826e13a8bd90b192,0xe42e95a41153606c,
0x1794794ed707d884,0x83859db1697ee1b1,
0xdc391d763aaf4a,0xf41ca8ec5a18ce5c,
0x9058d19a601a786c,0x9194b0d6c9970a05,
0x8beb7ca235c2c2e7,0xe128c992811ca87,
0x9c8d9a2485b86e15,0xb0fae9673a96cf15,
0x13b9887d073aec1f,0xf78a29f89437757d,
0x9bb1c1e473e78e68,0xd48b95326dac6784,
0x8522a32c01ed79f4,0xb554219f9196e852,
0x983f9502adaae4c4,0x6df4e9836fa4f617,
0xa4cdb50c7c0b06c4,0xe70ffd7403df0536,
0xef467055504c7901,0x9839542637cc6f65,
0x8149b3679eeefbe5,0x1dafa0b4a4677ac3,
0xe6d73fcd907152b2,0x75d0aae03cf33056,
0x2f0d131729248b5,0x1d32086eb2c2dfc9,
0x925045a6cbbe8b79,0x10de5b772d649a4a,
0x70fcb13f7ed577e1,0xad1bbf7b3fc085e9,
0x3cc464d5dfb6694a,0x8c04c15fbb57a6f0,
0x10584fd2d72905db,0x6d9667cf929e38fd,
0x122c1079715730d7,0x780ef265d8471b7,
0x9930c4d6c1f3606d,0x9f878db990721737,
0xfe8992396dba8d3b,0xc4dd7bc84850f6c1,
0xd1b41aaeadd2bd00,0x27ddf045e1bc8787,
0xb026d8987b9fc40d,0x2d1cf4d6c8dcf11f,
0xf424caeb8fc86def,0xcde00bd0e6757586,
0xd0c996064dc43f23,0x5de56d53ecf2fe21,
0x39a31d479cda7e39,0xadb2d6242e11ef0c,
0xa3dee8f39742e990,0xbde0a0b553d77ad3,
0x3965770ec4eef775,0xa697de162ac7f0cf,
0xf96697cdd29d570e,0x883919dfedf9638,
0x1ec090fac5f9fab6,0x78e736cdb395c9ed,
0xa0ea4ea129c01b74,0x4f5dd62e9273bf5c,
0x7c0c6cb609718d7c,0xa76c451bfc15d30e,
0x83a3a43c2433e120,0xd5385b26e366dc9,
0x6389cc3e51e58337,0x8f84f9137765a031,
0x9e48a735f5c1f3cd,0x19b8b8fea9076772,
0xc6ec78d52821aafc,0x65e3f350aaa4b7bd,
0xb01a3f1044f9cbae,0xf3e9d10cb6fc111a,
0xdbe04860e9ccd182,0xa732980d4364fd96,
0xa18a39d2786bf93a,0xd78d4d8a417d1a93,
0x2f9f237b4ff8579c,0x4ee6ac82a9255141,
0x39bc2cc69d7d8820,0x105ae772bde28025,
0x9bfc6bfefadc2788,0x28aa4bd9ca86ef95,
0x84c3f678b515c2cf,0x2de5c192ae917d76,
0x98a5ed6fbd21595e,0xab3a4168ef41cf93,
0x729d2086fd4b2189,0x84496cb9936c6219,
0xf28a06093ddbc748,0xd6366b3ff0221689,
0x940ef0dc5aa35df1,0x55ac37cfe9e5cd7d,
0x6ac71514301a6efa,0x36e1ae5c06c5cd9e,
0x7115738636d70b6c,0x29cc9383b9a311e1,
0xfd774b9f180382f0,0x38caa66772672606,
0x8e8f228dfec91f13,0x7372dfcea2357e8b,
0x3d8e41166bbc51f4,0x6adfb4232ea4e624,
0x511938ec720defd7,0x2f78df1628e2c261,
0xdb8be20604b22946,0x4c2479b14cb6e48e,
0xc311fd0411c619b0,0xe4424f7985fffbc1,
0x58a30fa2bca856a9,0x6f5f367584dca3fb,
0xd8,0x0,
0x0,0x0,
0x0,0x0,
0x0,0x0,
0x0,0x0,
0x7bc9bab672cf3d55,0x1e46bca16e9058c5,
0xccb4a7607f6ce66c,0xa184e3d54cfba51d,
0x6f39090cce84973,0xb5c3b84269e3cea7,
0x71282a8748d0825,0x37b48c40995ad1ad,
0xab0e16f829b27916,0x7456898ce296176,
0xcf558baac4c5036c,0x53f756e9ededd0ca,
0xa94ddbcff54f797e,0x19a80f17d29d0d54,
0xb485d3ca805c535d,0xdac6e9e725027c9b,
0x574ba7d0ab864c83,0x65a416e0672cfb88,
0x2c5f647c8cb9e80a,0x7d4b0244d0d61d71,
0x7cc82ec072efe5bc,0x4e58b3fc40a92a8d,
0x886f60e691785017,0x936caa6c19c97db3,
0x41f4134b2cba3ac0,0x1a77749ab72bf50b,
0xbf56a3a42f5ef69,0x5a1bc5025612d2d2,
0xecf0735d9dc8af5e,0xef1cab5772716a15,
0xa265abc95dc89e5f,0x821d484153558dc9,
0xfd5ed9d59c375d96,0xaf2e5ac7e1916947,
0x353660a80491e9ca,0x43c0a96a2bff672a,
0x34b68b1865ce633b,0x1861e11a43b6a63,
0x82d10c1152ea17ef,0x641b1a441f2c9f5f,
0xb188c1dd59e9ce9b,0xd5bc946eb75b88aa,
0x9905bd97639eae2c,0x12a89852d6c78362,
0xd9b975dae4119ece,0x84cd0d12ab3b7022,
0xf48f3c1b4b88d8df,0x900064f8d7f4d54f,
0x91fdfaeb16808612,0xde93bdbc85fe803a,
0x9017e3fe897de782,0x5f1a489dd9c73a9c,
0xdad8ba20c4fb4f7a,0xc078492cc707acda,
0xe0a27aa2ab1eea82,0x1829f96bce58c630,
0x65996466784d1ce1,0x6efe29d3a9623681,
0xdfd0ae8e9dc8bb2b,0xc0fc74f59760133e,
0xd820c9f6f171d424,0x1d3ad1fec416182a,
0x1bedc42f0ac49c7,0x8c7f11da0e60f99e,
0xf39214977283f737,0x52bbe0cc92d47894,
0xa281fd032a0974e5,0x214de6056a05a033,
0xd8cb50ae86179948,0x461dc9ebda991bb,
0x23584459e91e1cb9,0x9340001653d782c1,
0x66f6e641e4c3108f,0xd49274b77a649629,
0x3d781a69e4d0f0a7,0x1fd7bc579894904a,
0x185dfde0b6f0a139,0x1ed76eb3f1d00f71,
0xf0729bd8a2c33e9c,0x3b6745e186606734,
0x8b2257cf9cad3a02,0xee03898237e38115,
0x34ccfa15c8558725,0x8453d455f2c2c23d,
0x174e52e160c1c263,0x42922ec46719fb64,
0xc46db304e39d9ad2,0xca07c191c3840361,
0xbe703ad8db43d78d,0x31aa7d805a8b04f7,
0x50a19eacb146804b,0xf24f3a8bb7e45295,
0xcfe482f283a7ae1a,0xf36a72095fc1e96b,
0xf8f2beda07d3d403,0xfa228f9fb80073aa,
0xa7cda2e76e7d7a26,0x121723394ec5486b,
0xe95772472e998f39,0x75064456095af432,
0x82d84a75ce2e83ca,0xe7bbb6ceb612356,
0xd231cf7d9a3349b8,0xbba18ef2c4b85f63,
0xebbdb95de1279a7,0xa10a919dde660c9e,
0x287f3ffc9bab81a1,0xc230e314b9067c0b,
0x37e7f2512562398,0xb5278fe3664165b2,
0x2b6325fed5b1bce2,0x633b95f91f9781c3,
0x2a7299bb1d9d160d,0x757f45899d5ec053,
0x22fcf40618a360c4,0x6a1e75635922a2ab,
0xeb6995cb8e5120ed,0x7e1309ede536f4b3,
0x8547c944bba1d60a,0x197c098f98b6b174,
0xcae53e5be84e969,0x3ed91fa1933ad244,
0x4d,0x0,
0x0,0x0,
0x0,0x0,
0x0,0x0,
0x0,0x0,
0x2a0d232f4928b9ff,0x7d213f410a64fade,
0x9afc6346c6b58248,0xaf691bda8bfdd6b7,
0x2b93f88338c94f70,0x4f7011350788f8c0,
0xf1f6b415c8474d3,0xb85bf2499c5f66a6,
0x33db0d1863fc873,0xeed98e5dca3c047d,
0x8ce291eb7945649b,0x81e18c3603669a58,
0x94a9aadc82a0e672,0x9baaa44e088a86d9,
0x230832a9b16a9cd,0xef96f7aab22dae71,
0xd8351e0bb118faa4,0x324ab765da8b045b,
0xd3cda1d0451b60de,0xa2094c0ac73bba2f,
0x7ff8ec0b1a9d8b7a,0xae2280e2de67d9dd,
0x63845fa09cb48ec4,0x6187e1c15adbaaa0,
0xd36091521f1a762,0xee3c3cb8f2b5b13a,
0xd459c3c11944dc24,0x594bee430513ff02,
0x6ef90f79b5207f1d,0xb834dce9cc662f10,
0xe3266f187bb96f79,0x20307874dfebda43,
0x394e3e812f42cf37,0xfa9135e3bd75c60a,
0x6fbb085aa6b6618e,0x5ed9a95eac9c45e6,
0xeabcf16082a0cd3c,0xaa221830d345644a,
0xe3ac1ee9f696d21f,0x42f99f3202b7f464,
0xade9859cf44ec601,0x9ff75abae2ad2619,
0xe24aa1d03cae063,0x76dabaefded725fb,
0xe06a9eff83685f85,0x99afcd70cf81b3ce,
0xbe24c36905c55d76,0x8a454dc63a370fe7,
0x5241fb7478dac64b,0xa8f6fa22846bd685,
0xf68f80a7481ce505,0xf27a99e37086fd19,
0x6205a243adbf9b4c,0xd81dfa5d3a992e51,
0x318d9f3e9b55f156,0xfffbca843cb0a83a,
0x13b4784e3df955d4,0x55bd33d4181393f8,
0xcd15dbfbd3471f7c,0x544cbe9d3d71ac86,
0xb65f1358ff302b1d,0x8a2409b64cdde10b,
0x7781fb319afa6b47,0x67b39626a789f905,
0xfd00df67de646ac6,0x269fb11d8f25f9b3,
0x5ec545cec2a5930f,0xe01244da514ef072,
0x365433304ce5c68e,0x41ad6acffed6cf95,
0x526455733be6cedc,0x2d7b5d008f493f73,
0xffc7c1dcad614137,0x56c54da54cc45785,
0xafbe577612852555,0xccf1717fd73fc403,
0xdf5eb427c24711b4,0x342c3e5f970f6df0,
0x8d3be92d4dfbc936,0xeb680004cd056a74,
0xea7cedfe0080dd6d,0xdf934f48b40433fa,
0x5ae05c34d588b641,0x9277c3b491ef7e56,
0xb93198c930425d38,0x1b07e9f58b25aa70,
0x21e6aec24babeb73,0x643c43ab06d6e03a,
0xeb6c553d0e1ce9a2,0xc02cb53cfa8898c4,
0x5339a366cd181edc,0x8a1d16a96aa6f892,
0x9dd4ab80d18b2db1,0x4401b16b16c8fcb8,
0xe772def983ac0886,0x3e970cb859aff111,
0x4654ed426b758caf,0xf2a90a2f010edd3b,
0x611728dd74a2495f,0x8446dfb15e49f0c9,
0x1c12ef6ce9c0ea7,0xd783e53e89836a4,
0x644b67e4da7bad09,0x97d7c7a2edaa05e9,
0x9172b868de652684,0x512867d2bbec165c,
0x612ddd3554cb63ee,0x53a8a0b66e9c7e2d,
0x73aa77c578aa2b90,0x676f80dc5f26e960,
0x1796b2c6898b6cff,0xbe41e1d6913f3ba8,
0xc8d776c7efb93cfa,0x88e8805c6db9de2,
0xe6da1b5cc402881a,0xd200fb8f3f3b7c83,
0xb829719c4003a156,0x83ce1ea73df7e947,
0x7b7899f7d64bedc2,0xa1a7de23e335acd2,
0x1789b1b2c996db96,0xc1b63490814332eb,
0x8e,0x0,
0x0,0x0,
0x0,0x0,
0x0,0x0,
0x0,0x0,
0x8ccc38b7a40e40c7,0xb4295147951b5134,
0xaabab5f4c7a9aaa1,0xc0641c1ff7791d8c,
0xf4157af4a841faea,0xd7f8a65370f595f9,
0x435beaef2076306f,0xabda81642ebc7b68,
0xb5a7bae238dde0b0,0x270eca3d78d9461e,
0xb049e9606d76d48b,0xa185fceeb8744107,
0x4c203d1685671dcd,0x17aa4bec99ccc8f9,
0xad6eb03090a5aa6a,0x88c590ea5f76f588,
0x2c8b22290d7f43a9,0xe0da05249a78386b,
0x69b87384cb08475a,0x370d66eb084bc06d,
0xcbdb8416d25d8a70,0x31a4c892ae49f93e,
0xbcd487214e253d95,0xb2d534d905e16a2a,
0xd2c60be077119ea7,0x3c980866ff01b71e,
0xab06fbfc3bdf1866,0x59a977ff5104e446,
0xb0a03a80a1c575c6,0x80ed2f1b50236ef,
0x515033a33fdb1ffd,0x8fb818f068a0671a,
0xfafcc78046be7f02,0x75f5b857322e860b,
0xb6331dc5060d199a,0x3dd4b36a0fb0a307,
0x67df7737fedf705f,0xac1ec6a9b6734297,
0x617731989f2dd85d,0xa22a529bea3bdf22,
0x32a3336ba2e16cca,0x5488ea511bc1df24,
0x5a7452fc158ff05d,0xeddeba2de0efb3c5,
0x57249ef5a40e00a0,0x4e718b3448975c4d,
0xa192e77de0091d2d,0xcb4db964a1391bfc,
0x61866975b004ad08,0x29b69e54c46c4f6a,
0x1482e2ce016e2c45,0x9a9fda35c1c20c8e,
0x35f2347aed2d2cfb,0xdeaa408d8bc22c4b,
0x27cce90680bd4064,0xaa809c5e153cb1f9,
0xe7c182f212c1b4ab,0x6dd291b6b7341a1e,
0xb120176d5eb6542f,0x908bd00e4a403aa5,
0x22730cbfb9ebd47d,0xfab4437ba0a625d0,
0xd96b0ae09963bfb4,0x135e0107a6913d4b,
0x8a5bf108591d8800,0x30c20ce8c4e5b546,
0xd3c49bf39e752d98,0xdac009bc57099eb3,
0x2fbce52d8875d65f,0x355287a20cb650cf,
0x5b7f679b9020b34f,0xba5efcc0406cb94f,
0xed00818bad3af0f6,0xdfd558bcf8df0084,
0xf1779a6a66524dcf,0x4c1c39248b92440a,
0x2a4ad3ee1a86d764,0xcb5e4d0f84ddbfb7,
0xcd2241a666f13006,0x14950dabd261d3b6,
0x6c28f1d97d5b7f4d,0xf4843e5a22b8709c,
0x21866a850dbb019e,0xd446ef3b9f67fe2,
0x3119074fc7992ce6,0x16e9367d0e67ef97,
0x4d11d926aa6c859b,0xb03ba792e1e172e6,
0xcba4c6ea3a18fd87,0x95ad33124b06a4cd,
0x15f74a331d63df31,0x4155169b2aa6c3be,
0x8b1f98657ae7cd8c,0xf4c22eda01c43aca,
0x4f84a478b1fa6349,0x1e67f6fea40b0930,
0xf5250f74b0adc971,0x17193d0a47837b65,
0x77c717381bbcce44,0x56308db58124672f,
0xa1138835a0a5d144,0xf66e5b08f3323266,
0xec787e7778cf115,0x53316fab22051e9a,
0xf2a44e1c3f8a8f5f,0x5440a61e75be3648,
0x350d40e3cfd01c2a,0x1084e9ef4b8c443,
0xb0e7a4ad31d7545e,0x7ed17f94f6367abb,
0xb3162a371d4a36fd,0x44ad283b9f1489a,
0xe57cfbb6a2ef1252,0xf712d9a038632de6,
0x273e522603706c99,0x703cf0b3a6ea2ded,
0x64d65d4f3fcd3bd0,0xfb614e93fcc1a3a,
0x434c1f769c811ca3,0x6c58a57137c2c678,
0x75e1b8aa2ad97e40,0x43e950a21ee53443,
0x6c,0x0,
0x0,0x0,
0x0,0x0,
0x0,0x0,
0x0,0x0,
